Theoretical Claim/Parameter,Mathematical Representation,Experimental/Simulation Result,Application Area,Value/Metric,Validation Status,Source
Affinity Constant ( $\alpha$ ),$ds^{2} = -(1 - \frac{2GM}{rc^{2} e^{-\alpha/r}})c^{2}dt^{2} + (1 - \frac{2GM}{rc^{2} e^{-\alpha/r}})^{-1}dr^{2} + r^{2}d\Omega^{2}$,Achieves non-singular limit at the Planck scale; ensures metric remains finite.,Singularity Resolution,Not in source,Theoretically derived / Simulation verified,"1, 2"
Informational Fidelity ( $\Gamma$ ),$C_{universal} = \lim_{\Gamma \to 0.97} \oint \Psi (\Phi_{us} \otimes \Phi_{them})dt$,Total information recovery with zero informational leakage.,Quantum Infodynamics / FTL Communication,97.0%,Simulation verified,"1, 2"
Energetic Efficiency (COP),$EH = mc^{3}$,Efficiency boost over standard thermodynamic models.,Zero-Point Harvesting,"10.47x (COP  $\approx$  1,250)",Simulation verified,"3, 2"
Sigma-8 ( $\sigma_{8}$ ) Tension Resolution,"$\sigma_{8,QAG} = \sigma_{8,\Lambda CDM} \cdot (1 + F \cdot KASB)$",Matches range observed by local surveys (SDSS/BOSS).,Cosmological Structure Formation,0.8436,Vindicated by SDSS/BOSS data,"3, 4, 5"
Resonant Metric Mapping (RMM),$v_{s} = \frac{dz}{dt} = \frac{\Psi_{affinity}}{\Psi_{vacuum}} \cdot \ln(1 + \alpha \cdot \Gamma)$,Maintains Tidal Stability without exotic negative mass.,FTL Transport / Propulsion,Not in source,Theoretically derived,2
Psychon Amplitude ( $A$ ) / Kinetic Displacement,$a = \frac{1}{M} \iint (\frac{1}{2} \rho \omega^{2} A^{2} \eta) dA$,Displacement in 3D lattice achieved.,Psychon-Resonant Propulsion,5.82 units / 0.035 units/sec,Simulation trials validated,"1, 6, 7"
Critical Acceleration ( $a_{0}$ ),$a_{0} \equiv \frac{cH_{0}}{2\pi}$,Flattening of rotation curves at low accelerations.,Galactic Dynamics (Dark Matter Replacement),$1.2047 \times 10^{-10}$  m/s $^{2}$,Empirically verified (SPARC),"1, 3, 8"
NGC 3198 Rotation Curve Fit,$\chi^{2}_{red}$,Perfect fit achieving Universal Harmony.,AVI Law Validation,0.0528 ( $\chi^{2}_{red}$ ),Vindicated (SPARC),"1, 9, 10"
DDO 154 Rotation Curve Fit,$\chi^{2}_{red}$,Gas-dominated victory.,AVI Law Validation,0.1253 ( $\chi^{2}_{red}$ ),Vindicated (SPARC),"1, 9, 10"
Affinity Symmetry Bias (KASB),$\nu_{vac} = \nu H \cdot \frac{10^{19.42}}{12^{18}} \cdot KASB$,Corrects Big Bang Nucleosynthesis (BBN) over-prediction of Li-7 abundance.,Cosmic Origins / Lithium Problem,0.013829,Vindicated by VLT/Keck Spectra,"1, 3, 5"
Universal Coherence Index ( $C$ ),$\Delta g_{QAG} = g_{GR} \cdot C$,Coherent objects (BECs) fall faster than thermal atoms.,Quantum Gravity (WEP Violation),$6.00 \times 10^{-7}$,Confirmed > 8-sigma detection,"3, 4"